internal_id,name,upc,internal_category_id,brand,weight,height,width,length,color
1268728!item.en-US,"UNREAL Dark Chocolate Coconut Minis, 15.3 oz",857484006611,/grocery-household.html,['Unreal'],,,,,
107979!item.en-US,"Kirkland Signature All Chocolate Bag, 90 oz,",096619107971,/kirkland-signature-groceries.html,['Kirkland Signature'],,,,,
376052!item.en-US,"Kirkland Signature Almonds, Milk Chocolate, 3 lb",096619376056,/kirkland-signature-groceries.html,['Kirkland Signature'],,,,,
1700118!item.en-US,"Skinny Dipped Cups, Dark Chocolate Peanut Butter, 30-count",850034219356,/grocery-household.html,['Skinny Dipped'],,,,,
401621!item.en-US,"Hershey's Nuggets Assortment, Variety Pack, 145-count",034000016648,/grocery-household.html,"[""Hershey's""]",,,,,
1481907!item.en-US,"Kirkland Signature Funhouse Treats, Variety Pack, 92 oz",096619881253,/kirkland-signature-groceries.html,['Kirkland Signature'],,,,,
1185317!item.en-US,"Kellogg's Rice Krispies Treats, 0.78 oz, 60-count",038000171208,/grocery-household.html,"[""Kellogg's""]",,,,,
1199479!item.en-US,"M&M's Chocolate Candy, Peanut, 62 oz Jar",040000533214,/grocery-household.html,"[""M&M's""]",,,,,
1707606!item.en-US,"Jelly Belly, Jelly Beans, 64 oz",196633848895,/grocery-household.html,['Jelly Belly'],,,,,
1552446!item.en-US,"Fruit By The Foot, Variety, 0.75 oz, 48-count",016000178847,/grocery-household.html,['General Mills'],,,,,
1016094!item.en-US,"Fruit Gushers Fruit Flavored Snacks, Variety Pack, 0.8 oz, 42-Count",016000146983,/grocery-household.html,['General Mills'],,,,,
1644605!item.en-US,"Lindt Lindor Chocolate Truffles, Assorted Flavors, 21.2 oz",009542439972,/grocery-household.html,['Lindt'],,,,,
1199868!item.en-US,"M&M's Milk Chocolate Candy, 62 oz Jar",040000533191,/grocery-household.html,"[""M&M's""]",,,,,
521658!item.en-US,"Ferrero Rocher, Milk Chocolate Hazelnut Candy, 21.2 oz, 48 Count",009800120499,/grocery-household.html,['Ferrero Rocher'],,,,,
1746847!item.en-US,"Extra Sugar Free Chewing Gum, Mint Variety Pack, 15 Sticks, 18-Count",022000294838,/grocery-household.html,['Extra'],,,,,
1713755!item.en-US,"Poppi Prebiotic Soda, Variety Pack, 12 fl oz, 15-count",810063710965,/beverages.html,['Poppi'],,,,,
1394201!item.en-US,"Kirkland Signature, Organic Coconut Water, 11.1 fl oz, 12-count",096619053971,/beverages.html,['Kirkland Signature'],,,,,
1792368!item.en-US,"Maison Perrier Sparkling Water, 16.9 fl oz, 24-count",074780620888,/beverages.html,['Perrier'],,,,,
897342!item.en-US,"LaCroix Sparkling Water, Variety Pack, 12 fl oz, 24-count",012993812379,/beverages.html,['La Croix'],,,,,
1495250!item.en-US,"Kirkland Signature, Organic Coconut Water, 33.8 fl oz, 9-count",096619055524,/beverages.html,['Kirkland Signature'],,,,,
242668!item.en-US,"Red Bull Energy Drink, 8.4 fl oz, 24-count",611269991000,/energy-drinks.html,['Red Bull'],,,,,
1299062!item.en-US,"Coca-Cola Mini, 7.5 fl oz, 30-count",049000081459,/beverages.html,['Coca-Cola'],,,,,
1242342!item.en-US,"Kirkland Signature, Almond Milk, 1 qt, 12-count",096619274857,/beverages.html,['Kirkland Signature'],,,,,
2990!item.en-US,"Honest Kids, Organic Juice Drink, Variety Pack, 6 fl oz, 40-Count",657622011862,/beverages.html,['Honest Kids'],,,,,
1002373!item.en-US,"Kirkland Signature, Organic Almond Beverage, Vanilla, 32 fl oz, 6-Count",096619533015,/beverages.html,['Kirkland Signature'],,,,,
1579880!item.en-US,"Coca-Cola Mini, Variety Pack, 7.5 fl oz, 30-count",049000080742,/beverages.html,['Coca-Cola'],,,,,
711509!item.en-US,"Red Bull Energy Drink, Sugar Free, 8.4 fl oz, 24-count",611269277364,/energy-drinks.html,['Red Bull'],,,,,
1218891!item.en-US,"Vita Coco, Coconut Water, 11.1 fl oz, 18-Count",898999010526,/beverages.html,['Vita Coco'],,,,,
736083!item.en-US,"Kirkland Signature, Organic Lemonade, 96 fl oz, 2-Count",096619928521,/beverages.html,['Kirkland Signature'],,,,,
438851!item.en-US,"Capri Sun, 100% Juice, Variety Pack, 6 fl oz, 40-count",087684010365,/beverages.html,['Capri Sun'],,,,,
790652!item.en-US,"SO Delicious, Organic Coconut Milk, 32 oz, 6-Count",744473912384,/beverages.html,['So Delicious'],,,,,
1795394!item.en-US,"IZZE, Sparkling Juice Beverage, Variety Pack, 8.4 fl oz, 24-Count",836093011506,/beverages.html,['Izze'],,,,,
1272413!item.en-US,"Kirkland Signature, Organic Non-Dairy Oat Beverage, 32 oz, 6-count",196633836762,/beverages.html,['Kirkland Signature'],,,,,
1498286!item.en-US,"Gatorade Thirst Quencher, Core Variety Pack, 12 fl oz, 28-count",052000048179,/energy-drinks.html,['Gatorade'],,,,,
1779098!item.en-US,"BODYARMOR Lyte SuperDrink, Variety Pack, 20 fl oz, 18-count",810113831725,/energy-drinks.html,['BODYARMOR'],,,,,
1743030!item.en-US,"Kirkland Signature Organic Whole Milk, 8 fl oz, 18-count",196633946942,/beverages.html,['Kirkland Signature'],,,,,
1174811!item.en-US,"Sunny D, Tangy Original, 11.3 fl oz, 30-Count",050200001758,/beverages.html,['Sunny D'],,,,,
701249!item.en-US,"Welch's 100% Juice Drink, Variety Pack, 10 fl oz, 24-count",041800301249,/beverages.html,"[""Welch's""]",,,,,
473505!item.en-US,"Apple & Eve, 100% Juice, Variety Pack, 6.75 fl oz, 36-Count",076301222311,/beverages.html,['Apple & Eve'],,,,,
1202923!item.en-US,"Nestlé Nido Fortificada, Dry Whole Milk, 4.85 lbs",028000154394,/beverages.html,['Nestlé'],,,,,
1806764!item.en-US,"Bai Antioxidant Beverage, Variety Pack, 18 fl oz, 15-count",813694026443,/beverages.html,['Bai'],,,,,
1834232!item.en-US,"Poppi Prebiotic Soda, Variety Pack, 12 fl oz, 15-count",810063711177,/beverages.html,['Poppi'],,,,,
118652!item.en-US,"Carnation, Evaporated Milk, 12 fl oz, 12-Count",050000455010,/beverages.html,['Carnation'],,,,,
1406644!item.en-US,"Nestle, Nesquik Chocolate Drink Mix, 2.81 lbs",028000708801,/beverages.html,['Nestlé'],,,,,
316629!item.en-US,"Welch’s, 100% Grape Juice Blend, Concord Grape, 96 fl oz, 2-Count",041800261000,/beverages.html,"[""Welch's""]",,,,,
1462402!item.en-US,"Post, Honey Bunches of Oats with Almonds Cereal, 50 oz",884912356321,/grocery-household.html,['Post'],,,,,
1736339!item.en-US,"Kirkland Signature Whole Grain Rolled Oats, 10 LBS",196633951977,/grocery-household.html,['Kirkland Signature'],,,,,
1560969!item.en-US,"MadeGood Organic Granola Minis, Variety Pack, 0.85 oz, 24-count",687456225432,/grocery-household.html,['MadeGood'],,,,,
2222019!item.en-US,"Kirkland Signature Organic Ancient Grain Granola, 35.3 oz",096619194261,/grocery-household.html,['Kirkland Signature'],,,,,
734786!item.en-US,"General Mills, Cheerios Cereal, Honey Nut, 27.5 oz, 2-Count",016000401068,/grocery-household.html,['General Mills'],,,,,
522107!item.en-US,"General Mills, Cheerios Cereal, 20.35 oz, 2-Count",016000435094,/grocery-household.html,['General Mills'],,,,,
43607!item.en-US,"Quaker, Simply Granola, 34.5 oz, 2-Count",030000436073,/grocery-household.html,['Quaker'],,,,,
664927!item.en-US,"Cinnamon, Toast Crunch Cereal, 49.5 oz",016000435322,/grocery-household.html,['General Mills'],,,,,
617686!item.en-US,"Softsoap Advanced Clean Liquid Hand Soap Refill 80 oz, 2-pack",058000308732,/grocery-household.html,,,,,,
1649376!item.en-US,"Crest 3D White Advanced Whitening Toothpaste, 5.2 oz, 5-count",037000840046,/grocery-household.html,['Crest'],,,,,
1652990!item.en-US,"Kirkland Signature Premoistened Flushable Wipes, Fragrance Free, 640-count",096619870158,/grocery-household.html,['Kirkland Signature'],,,,,
1625149!item.en-US,"Duracell Coppertop Alkaline AA Batteries, 40-count",041333054315,/grocery-household.html,['Duracell'],,,,,
1731104!item.en-US,"Crest Pro-Health Advanced Mouthwash, 33.8 fl oz, 3-pack",030772083444,/grocery-household.html,['Crest'],,,,,
1800413!item.en-US,"Dove Advanced Care Invisible+ Deodorant, 2.6 oz, 4-pack",079400513656,/grocery-household.html,['Dove'],,,,,
1613181!item.en-US,"Degree Men UltraClear+ Antiperspirant Deodorant, Black & White, 2.7 oz, 5-pack",079400494184,/grocery-household.html,['Degree'],,,,,
1695130!item.en-US,"Cetaphil Moisturizing Lotion, Dry to Normal Sensitive Skin, 20 fl oz, 2-count",302990241433,/grocery-household.html,['Cetaphil'],,,,,
2322010!item.en-US,"Kirkland Signature Alkaline AA Batteries, 48-count",196633913098,/grocery-household.html,['Kirkland Signature'],,,,,
1281762!item.en-US,"Kirkland Signature Moisture Shampoo, 33.8 fl oz, 1-count",096619042326,/grocery-household.html,['Kirkland Signature'],,,,,
1421932!item.en-US,"Dove Moisturizing Beauty Bar Soap Original, 3.75 oz, 16 Bars",011111261341,/grocery-household.html,['Dove'],,,,,
1285702!item.en-US,"Colgate Total Active Prevention Toothpaste, 6.4 oz, 5-pack",035000471277,/grocery-household.html,['Colgate'],,,,,
685586!item.en-US,"Listerine UltraClean Coolmint Mouthwash, 1.5 Liter, 2-count",312547150842,/grocery-household.html,['Listerine'],,,,,
1504495!item.en-US,"Crest Complete + Scope Advanced Active Foam Toothpaste, 8.2 oz, 5-pack",037000495482,/grocery-household.html,['Crest'],,,,,
1811598!item.en-US,"Head & Shoulders 2-in-1 Dandruff Shampoo and Conditioner Advanced Scalp Care with Aloe Vera, Coconut Water & Vitamins, 40 fl oz",030772104590,/grocery-household.html,['Head & Shoulders'],,,,,
1421933!item.en-US,"Dove Moisturizing Beauty Bar Soap Sensitive Skin, 3.75 oz, 16 Bars",011111018709,/grocery-household.html,['Dove'],,,,,
1695155!item.en-US,"Cetaphil Moisturizing Cream Ultimate with Prebiotic Aloe, Very Dry to Dry Sensitive Skin, 20 oz + 16 oz, 2-pack",302990242447,/grocery-household.html,['Cetaphil'],,,,,
1627198!item.en-US,"Duracell Coppertop Alkaline AAA Batteries, 40-count",041333054322,/batteries.html,['Duracell'],,,,,
1695152!item.en-US,"Cetaphil Gentle Skin Cleanser, Dry to Normal Sensitive Skin, 20 fl oz, 2-count",302990241426,/grocery-household.html,['Cetaphil'],,,,,
1692422!item.en-US,"Nexxus Advanced Therappe Shampoo and Humectress Conditioner Set, 32 fl oz",605592007996,/grocery-household.html,['Nexxus'],,,,,
1886106!item.en-US,"Oral-B Glide Advanced Multi-Protection Floss, 6-pack",030772200803,/grocery-household.html,['Oral-B'],,,,,
1009739!item.en-US,Harry's Chrome Edition Razor Set 13 Cartridges + 1 Handle,840317400953,/grocery-household.html,"[""Harry's""]",,,,,
1798450!item.en-US,"Orgain 30g Milk Protein Shake, Chocolate Fudge, 11 fl oz, 18-pack",851770008082,/grocery-household.html,['Orgain'],,,,,
2322011!item.en-US,"Kirkland Signature Alkaline AAA Batteries, 48-count",196633913074,/grocery-household.html,['Kirkland Signature'],,,,,
1806649!item.en-US,"Neutrogena Makeup Remover Wipes, 125-count",070501072745,/grocery-household.html,['Neutrogena'],,,,,
1397147!item.en-US,"Kirkland Signature Bar Soap with Shea Butter, 15 Bars",096619140138,/grocery-household.html,['Kirkland Signature'],,,,,
1418060!item.en-US,"Kirkland Signature Moisture Conditioner, 33.8 fl oz, 1-count",096619042319,/grocery-household.html,['Kirkland Signature'],,,,,
1492769!item.en-US,"Gillette Venus Sensitive Plus Disposable Razor, 15-count",047400672574,/grocery-household.html,['Gillette'],,,,,
1587186!item.en-US,"Gillette Proglide Plus Razor Cartridge Refills, 16-count",047400676381,/grocery-household.html,['Gillette'],,,,,
1516973!item.en-US,"Gillette Ultimate Protection 6-in-1 Antiperspirant, 3.8 oz, 5-pack",047400561434,/grocery-household.html,['Gillette'],,,,,
1587357!item.en-US,"Muscle Milk Genuine Protein Shake Chocolate, 11 fl oz, 18-pack",052000051933,/grocery-household.html,['Muscle Milk'],,,,,
664635!item.en-US,"Swisspers Premium Hypoallergenic Cotton Rounds, 900-count",048341007982,/grocery-household.html,['U.S. Cotton'],,,,,
662821!item.en-US,"Duracell 9V Alkaline Batteries, 8-count",041333660219,/grocery-household.html,['Duracell'],,,,,
1699741!item.en-US,"Gillette Venus Comfort Glide Sunny Citrus, 1 Razor + 12 Cartridges Gel",047400680753,/grocery-household.html,['Gillette'],,,,,
1395061!item.en-US,"Advantage Premium Bright Ink Jet and Laser Paper, 8.5""x11"" Letter, White, 24lb, 97 Bright, 1 Ream of 800 Sheets",850013506057,/office-products.html,['Advantage'],,,,,
620595!item.en-US,"Nestle Nido Kinder 1+ Toddler Powdered Milk, 4.85 lbs",028000216283,/grocery-household.html,['Nestle'],,,,,
1737189!item.en-US,"Neutrogena Hydro Boost Water Cream, 1.7 fl oz, 2-pack",070501072424,/grocery-household.html,['Neutrogena'],,,,,
1095660!item.en-US,"Duracell C Alkaline Batteries, 14-count",041333668680,/grocery-household.html,['Duracell'],,,,,
1095663!item.en-US,"Duracell D Alkaline Batteries, 14-count",400010956630,/grocery-household.html,['Duracell'],,,,,
415022!item.en-US,Scotch Heavy Duty Shipping Tape 8-pack,051141987460,/office-products.html,['Scotch'],,,,,
986654!item.en-US,"Unitex 100% Cotton Towel, White, 14 in x 17 in, 52-count",6722887777786,/grocery-household.html,['Unitex'],,,,,
1750832!item.en-US,"Zevo Flying Insect Trap Starter Kit, 2 Devices + 6 Refills",810121290118,/garden-center.html,['Zevo'],,,,,
72147!item.en-US,"TUMS Antacid Ultra Strength, 265 Chewable Tablets",307663072147,/acid-relief.html,['Tums'],,,,,
1368591!item.en-US,"always Ultra Thin Advanced Overnight Pads, 76-count",037000561538,/grocery-household.html,['always'],,,,,
1235761!item.en-US,"trunature Pacran Cranberry 650 mg., 140 Vegetarian Capsules",096619281626,/grocery-household.html,['trunature'],,,,,
1578895!item.en-US,"Band-Aid Adhesive Bandages, Assorted, 198-count",381372020378,/grocery-household.html,['Band-Aid'],,,,,
1842854!item.en-US,Tampax Pearl Advanced Duopack,073010719743,/grocery-household.html,['Tampax'],,,,,
1368594!item.en-US,"always Ultra Thin Advanced Long Pads, 88-count",037000561507,/grocery-household.html,['always'],,,,,
1299388!item.en-US,"Preparation H Medicated Hemorrhoidal Wipes, 180 Wipes",305730556958,/grocery-household.html,['Preparation H'],,,,,
1928295!item.en-US,"Dove Deep Moisture Body Wash, 23 fl oz, 3-pack",011111059467,/grocery-household.html,['Dove'],,,,,
4054232!item.en-US,"Kirkland Signature Coffee Organic Pacific Bold K-Cup Pod, 120-count",096619008094,/kirkland-signature-groceries.html,['Kirkland Signature'],,,,,
4054238!item.en-US,"Kirkland Signature Coffee Organic Breakfast Blend K-Cup Pod, 120-count",096619008070,/kirkland-signature-groceries.html,['Kirkland Signature'],,,,,
4054210!item.en-US,"Kirkland Signature Coffee Organic Summit Roast K-Cup Pod, 120-count",096619008063,/kirkland-signature-groceries.html,['Kirkland Signature'],,,,,
3123235!item.en-US,"Starbucks Pike Place Medium Roast K-Cup, 72-count",050000856503,/grocery-household.html,['Starbucks'],,,,,
17767!item.en-US,"Kirkland Signature Colombian Coffee, Dark Roast, 3 lbs",096619177677,/kirkland-signature-groceries.html,['Kirkland Signature'],,,,,
670441!item.en-US,"Peet's Coffee Major Dickason's Blend Coffee, Dark Roast, Whole Bean, 2 lbs",785357007987,/whole-bean-coffee.html,"[""Peet's Coffee""]",,,,,
3818035!item.en-US,"The Original Donut Shop Coffee K-Cup Pod, 80-count",611247404089,/grocery-household.html,['Green Mountain Coffee'],,,,,
1660437!item.en-US,"Folgers Classic Roast Ground Coffee, Medium, 43.5 oz",025500304212,/grocery-household.html,['Folgers'],,,,,
1726089!item.en-US,"Kirkland Signature House Blend Whole Bean Coffee, Medium Roast, 2.5 lbs",196633954930,/whole-bean-coffee.html,['Kirkland Signature'],,,,,
1528787!item.en-US,"Kirkland Signature Whole Bean Coffee, French Roast, 2.5 lbs",096619896714,/kirkland-signature-groceries.html,['Kirkland Signature'],,,,,
120296!item.en-US,"Kirkland Signature Colombian Supremo Coffee, Whole Bean, 3 lbs",096619120291,/whole-bean-coffee.html,['Kirkland Signature'],,,,,
1334985!item.en-US,"Dunkin’ Donuts Original Blend, 45 oz",881334011852,/grocery-household.html,"[""Dunkin' Donuts""]",,,,,
3123239!item.en-US,"Starbucks Dark French Roast K-Cup, 72-count",050000542420,/grocery-household.html,['Starbucks'],,,,,
1244454!item.en-US,"NESCAFE Taster's Choice Instant Coffee, House Blend, Light-Medium Roast,14 oz",028000743079,/grocery-household.html,['Nescafé'],,,,,
756053!item.en-US,"Kirkland Signature Medium Roast Coffee, 40 oz.",096619781645,/kirkland-signature-groceries.html,['Kirkland Signature'],,,,,
1783708!item.en-US,"Starbucks Classic Roasts Variety Pack K-Cup Pod, 64-count",050000307548,/grocery-household.html,['Starbucks'],,,,,
3365592!item.en-US,"Caribou Coffee Caribou Blend K-Cup Pod, 80-count",611247404072,/grocery-household.html,['Green Mountain Coffee'],,,,,
541334!item.en-US,"Nestlé Coffee-mate Powdered Creamer, Original, 56 oz",050000302116,/grocery-household.html,['Coffee-mate'],,,,,
896879!item.en-US,"Splenda Zero Calorie Sweetener Packets, 1,000-count",722776004289,/grocery-household.html,['Splenda'],,,,,
46242!item.en-US,"Kirkland Signature Decaffeinated Coffee, Dark Roast, 3 lbs",096619179961,/kirkland-signature-groceries.html,['Kirkland Signature'],,,,,
1730897!item.en-US,"McCafe Premium Roast Coffee K-Cup Pod, 72-count",611247400470,/grocery-household.html,['McCafe'],,,,,
1191845!item.en-US,"Stevia in the Raw Organic Stevia Blend, 22.57 oz.",044800750802,/grocery-household.html,['Stevia In The Raw'],,,,,
1089787!item.en-US,"Kirkland Signature Flex-Tech 13-Gallon Kitchen Trash Bag, 200-count",096619439294,/kirkland-signature-groceries.html,['Kirkland Signature'],,,,,
487322!item.en-US,"All Free & Clear Plus+ HE Liquid Laundry Detergent, 158 loads, 237 fl oz",072613461035,/grocery-household.html,['All'],,,,,
3160440!item.en-US,"Tide Plus Advanced Power with Oxi Liquid Laundry Detergent, Original, 78 Loads, 138 fl oz",030772129319,/grocery-household.html,['Tide'],,,,,
2189436!item.en-US,"Clorox Disinfecting Wipes, Variety Pack, 85-count, 5-pack",055500558742,/floor-bathroom-cleaners.html,['Clorox'],,,,,
1452518!item.en-US,"Kirkland Signature Platinum Performance UltraShine Dishwasher Detergent Pacs, 115-count",196633857354,/kirkland-signature-groceries.html,['Kirkland Signature'],,,,,
1700048!item.en-US,"Tide Pods HE Laundry Detergent Pods, Free & Gentle, 152-count",030772089026,/grocery-household.html,['Tide'],,,,,
1300658!item.en-US,"Kirkland Signature Flex-Tech 13-Gallon Scented Kitchen Trash Bags, 200-count",096619215669,/kirkland-signature-groceries.html,['Kirkland Signature'],,,,,
3247022!item.en-US,"Tide Pods with Ultra Oxi Laundry Detergent Pods, 104-count",030772135464,/grocery-household.html,['Tide'],,,,,
1800219!item.en-US,"Downy Ultimate In-Wash Scent Booster Beads, Whimsical Wonder, 24.5 oz",030772153710,/grocery-household.html,['Downy'],,,,,
1725160!item.en-US,"Tide Pods HE Laundry Detergent Pods, Spring Meadow, 156-count",030772107669,/grocery-household.html,['Tide'],,,,,
1239521!item.en-US,"Kirkland Signature Ultra Clean HE Liquid Laundry Detergent, 146 loads, 194 fl oz",096619279555,/kirkland-signature-groceries.html,['Kirkland Signature'],,,,,
1840548!item.en-US,"Downy Soft Liquid Fabric Softener, April Fresh, 257 Loads, 150 fl oz",030772149515,/grocery-household.html,['Downy'],,,,,
990929!item.en-US,"Dawn Platinum Advanced Power Liquid Dish Soap, 90 fl oz",037000078920,/grocery-household.html,['Dawn'],,,,,
4160644!item.en-US,"Gain +Oxi Liquid Laundry Detergent, Original, 159 Loads, 170 fl oz",030772147269,/grocery-household.html,['Gain'],,,,,
2312000!item.en-US,"Finish Jet-Dry Ultra Dishwasher Rinse Aid, 38 fl oz",051700999613,/grocery-household.html,['Finish'],,,,,
660968!item.en-US,"Cascade Advanced Power Liquid Dishwasher Detergent, Fresh Scent, 125 fl oz",037000296744,/grocery-household.html,['Cascade'],,,,,
1239519!item.en-US,"Kirkland Signature Ultra Clean Free & Clear HE Liquid Laundry Detergent, 146 loads, 194 fl oz",096619279562,/kirkland-signature-groceries.html,['Kirkland Signature'],,,,,
7816886!item.en-US,"Finish Powerball Quantum Dishwasher Detergent Tabs, 100-count",051700993499,/grocery-household.html,['Finish'],,,,,
1755441!item.en-US,"Kirkland Signature Flex-Tech 33-Gallon Trash Bag, 90-count",196633943316,/kirkland-signature-groceries.html,['Kirkland Signature'],,,,,
2626431!item.en-US,"Arm & Hammer Plus OxiClean Max HE Liquid Laundry Detergent, Fresh, 200 Loads, 200 fl oz",033200975977,/grocery-household.html,['Arm & Hammer'],,,,,
87507!item.en-US,"Kirkland Signature 10-Gallon Wastebasket Liner, Clear, 500-count",096619875078,/kirkland-signature-groceries.html,['Kirkland Signature'],,,,,
3160408!item.en-US,"Tide Plus Downy Liquid Laundry Detergent, April Fresh, 111 Loads, 141 fl oz",030772129456,/grocery-household.html,['Tide'],,,,,
2218587!item.en-US,"Swiffer Duster Heavy Duty Dusting Kit, 1 Handle + 17 Refills",030772046920,/grocery-household.html,['Swiffer'],,,,,
3222470!item.en-US,"Tide Pods with Downy Laundry Detergent Pods, April Fresh, 104-count",030772135471,/grocery-household.html,['Tide'],,,,,
1032422!item.en-US,"Palmolive Ultra Strength Liquid Dish Soap, 102 fl oz",035000444813,/grocery-household.html,['Palmolive'],,,,,
1789130!item.en-US,"Kirkland Signature Ultra Shine Liquid Dish Soap, Fresh, 90 fl. oz.",196633920324,/kirkland-signature-groceries.html,['Kirkland Signature'],,,,,
1709318!item.en-US,"Tide Ultra Concentrated Liquid Laundry Detergent, 152 Loads, 170 fl oz",030772092583,/grocery-household.html,['Tide'],,,,,
625994!item.en-US,"Clorox ToiletWand Disposable Toilet Cleaning System, Rainforest Rush, 1 Wand & 36 Refills",10044600606030,/floor-bathroom-cleaners.html,['Clorox'],,,,,
1456660!item.en-US,"Swiffer Sweeper Heavy Duty Dry Sweeping Cloth Refills, 50-count",037000545491,/grocery-household.html,['Swiffer'],,,,,
3797974!item.en-US,"Dawn Platinum Plus Powerwash Dish Soap Spray, Fresh Clean, 1 Starter Kit + 2 Refills",030772137185,/grocery-household.html,['Dawn'],,,,,
1848101!item.en-US,"Cascade Complete Dishwasher Detergent ActionPacs, Fresh, 93-count",030772154328,/grocery-household.html,['Cascade'],,,,,
1755444!item.en-US,"Kirkland Signature 50-Gallon Outdoor Trash Bag, 70-count",196633943309,/kirkland-signature-groceries.html,['Kirkland Signature'],,,,,
1006152!item.en-US,"Bounce Fabric Softener Dryer Sheets, Outdoor Fresh, 160-count, 2-pack",037000951834,/grocery-household.html,['Bounce'],,,,,
913437!item.en-US,"Clorox Clean-Up All Purpose Cleaner with Bleach, Original, 32 fl oz Spray & 180 fl oz Refill",055500000456,/floor-bathroom-cleaners.html,['Clorox'],,,,,
1725830!item.en-US,"Kirkland Signature Fabric Softener Sheets, 250-count, 2-pack",196633944184,/kirkland-signature-groceries.html,['Kirkland Signature'],,,,,
1054838!item.en-US,"Kirkland Signature Ultra Clean HE Laundry Detergent Pacs, 152-count",196633949202,/kirkland-signature-groceries.html,['Kirkland Signature'],,,,,
1920495!item.en-US,"Lysol Disinfecting Wipes, Variety Pack, 95-count, 4-pack",019200994699,/floor-bathroom-cleaners.html,['Lysol'],,,,,
1988113!item.en-US,"Fabuloso Multi-Purpose Cleaner, Lavender, 210 fl oz",827854008118,/floor-bathroom-cleaners.html,['Fabuloso'],,,,,
1805039!item.en-US,"Pine-Sol Multi-Surface Cleaner, 60 fl oz, 2-count",041294601610,/floor-bathroom-cleaners.html,['Pine-Sol'],,,,,
2662877!item.en-US,"Lysol Advanced Toilet Bowl Cleaner, 32 fl oz, 4-count",019200835664,/floor-bathroom-cleaners.html,['Lysol'],,,,,
1717856!item.en-US,"Scotch-Brite Zero Scratch Sponge, 24-count",076308420321,/grocery-household.html,['Scotch-Brite'],,,,,
2345775!item.en-US,"Poo-Pourri Toilet Spray, Variety Pack, 3.4 fl oz, 3-count",848858027516,/floor-bathroom-cleaners.html,['Poo-Pourri'],,,,,
2533324!item.en-US,"Lysol Disinfectant Spray, Crisp Linen, 19 oz, 3-count",019200997843,/floor-bathroom-cleaners.html,['Lysol'],,,,,
1509965!item.en-US,"Scott Shop Towels, Original Multi-Purpose, Blue, 10-count",036000544053,/grocery-household.html,['Scott'],,,,,
1045021!item.en-US,"Kirkland Signature Ultra Fresh Premium Fabric Conditioner, 276 Loads, 187 fl oz",196633920096,/kirkland-signature-groceries.html,['Kirkland Signature'],,,,,
986654!item.en-US,"Unitex 100% Cotton Towel, White, 14 in x 17 in, 52-count",6722887777786,/grocery-household.html,['Unitex'],,,,,
27777!item.en-US,"Ore-Ida Bagel Bites Pizza Snacks, 72-count",40000027777,/grocery-household.html,,,,,,
692731!item.en-US,"Kirkland Signature, Organic Extra Virgin Olive Oil, 2 L",096619117062,/kirkland-signature-groceries.html,['Kirkland Signature'],,,,,
897971!item.en-US,"Kirkland Signature, Organic Applesauce, 3.17 oz, 24-Count",196633918727,/kirkland-signature-groceries.html,['Kirkland Signature'],,,,,
555000!item.en-US,"Kirkland Signature Organic Peanut Butter, 28 oz, 2-count",096619555017,/kirkland-signature-groceries.html,['Kirkland Signature'],,,,,
679131!item.en-US,"Kirkland Signature Organic Pure Maple Syrup, 33.8 oz",096619923151,/kirkland-signature-groceries.html,['Kirkland Signature'],,,,,
1193197!item.en-US,"Kirkland Signature Organic Roasted Seaweed, 0.6 oz, 10-count",196633909633,/kirkland-signature-groceries.html,['Kirkland Signature'],,,,,
516822!item.en-US,"Kirkland Signature, Organic Chicken Stock, 32 fl oz, 6-Count",196633908056,/kirkland-signature-groceries.html,['Kirkland Signature'],,,,,
1538359!item.en-US,"Kirkland Signature, Organic Fruit and Vegetable Pouches, Variety Pack, 3.17 oz, 24-count",096619027446,/grocery-household.html,['Kirkland Signature'],,,,,
1002373!item.en-US,"Kirkland Signature, Organic Almond Beverage, Vanilla, 32 fl oz, 6-Count",096619533015,/beverages.html,['Kirkland Signature'],,,,,
993449!item.en-US,"Garofalo, Organic Pasta, Variety Pack, 17.6 oz, 6-Count",021511134763,/grocery-household.html,['Garofalo'],,,,,
901991!item.en-US,"Kirkland Signature, Organic Sugar, 10 lbs",096619189014,/kirkland-signature-groceries.html,['Kirkland Signature'],,,,,
1032932!item.en-US,"Kirkland Signature Organic Raw Honey, 24 oz, 3-count",096619032938,/kirkland-signature-groceries.html,['Kirkland Signature'],,,,,
736083!item.en-US,"Kirkland Signature, Organic Lemonade, 96 fl oz, 2-Count",096619928521,/beverages.html,['Kirkland Signature'],,,,,
654679!item.en-US,"Seeds of Change, Organic Quinoa and Brown Rice with Garlic, 8.5 oz Pouch, 6-Count",748404420238,/grocery-household.html,['Seeds of Change'],,,,,
633563!item.en-US,"Kirkland Signature, Organic Tomato Sauce, 15 oz, 12-Count",096619023820,/canned-vegetables-fruit.html,['Kirkland Signature'],,,,,
316689!item.en-US,"Lotus Foods, Organic Millet & Brown Rice Ramen, 2.5 oz, 12-Count",708953628035,/grocery-household.html,['Lotus'],,,,,
633564!item.en-US,"Kirkland Signature, Organic Tomato Paste, 6 oz, 12-Count",196633911971,/canned-vegetables-fruit.html,['Kirkland Signature'],,,,,
1147377!item.en-US,"Kirkland Signature Organic Blue Agave, 36 oz, 2-count",096619381555,/kirkland-signature-groceries.html,['Kirkland Signature'],,,,,
941275!item.en-US,"Kirkland Signature Organic Pine Nuts, 1.5 lbs",196633912381,/kirkland-signature-groceries.html,['Kirkland Signature'],,,,,
165041!item.en-US,"Kirkland Signature Organic No-Salt Seasoning, 14.5 oz",096619165049,/kirkland-signature-groceries.html,['Kirkland Signature'],,,,,
951243!item.en-US,"Mott's, Organic Apple Sauce, 3.9 oz, 36-Count",014800004335,/grocery-household.html,"[""Mott's""]",,,,,
512599!item.en-US,"Kirkland Signature Paper Towels, 2-Ply, 160 Sheets, 12 Individually Wrapped Rolls",096619880676,/kirkland-signature-groceries.html,['Kirkland Signature'],,,,,
1773119!item.en-US,"Charmin Ultra Soft Bath Tissue, 2-Ply, 213 Sheets, 30 Rolls",030772115909,/toilet-paper.html,['Charmin'],,,,,
6262016!item.en-US,"Kirkland Signature Bath Tissue, 2-Ply, 380 Sheets, 30 Rolls",096619926633,/toilet-paper.html,['Kirkland Signature'],,,,,
1668599!item.en-US,"Dixie Ultra 8-1/2"" Paper Plate, 240-count",078731983190,/grocery-household.html,['Dixie'],,,,,
1111161!item.en-US,"Dixie Ultra 10-1/16"" Paper Plate, 186-count",078731954404,/grocery-household.html,['Dixie'],,,,,
723675!item.en-US,"Kleenex Trusted Care Facial Tissue, 2-Ply, 230-count, 10-pack",036000374575,/grocery-household.html,['Kleenex'],,,,,
221663!item.en-US,"Kleenex Ultra Soft Facial Tissue, 3-Ply, 85-count, 12-pack",036000260854,/grocery-household.html,['Kleenex'],,,,,
912796!item.en-US,"Scott Bath Tissue, 1-Ply, 1100 Sheets, 36 Rolls",054000399077,/toilet-paper.html,['Scott'],,,,,
1205611!item.en-US,"Cottonelle Fresh Care Flushable Wipes, 560 Wipes",036000486742,/toilet-paper.html,['Cottonelle'],,,,,
4165671!item.en-US,"Kleenex Soothing Lotion Facial Tissue, 3-Ply, 85-count, 12-pack",036000509571,/grocery-household.html,['Kleenex'],,,,,
32711!item.en-US,"Chinet Classic Dinner 10-3/8"" Paper Plate, 165-count",037700327113,/grocery-household.html,['Chinet'],,,,,
128163!item.en-US,"Dixie Ultra 6-7/8"" Paper Plate, 300-count",078731960603,/grocery-household.html,['Dixie'],,,,,
4165769!item.en-US,"Kirkland Signature Facial Tissue, 3-Ply, 84-count, 12-pack",096619124251,/kirkland-signature-groceries.html,['Kirkland Signature'],,,,,
12648!item.en-US,"Kirkland Signature Cutlery, Clear, 360-count",096619126484,/plastic-disposable-utensils.html,['Kirkland Signature'],,,,,
1585373!item.en-US,"Kirkland Signature Napkins, 1-Ply, 280-count, 4-pack",196633952240,/grocery-household.html,['Kirkland Signature'],,,,,
18695!item.en-US,"Chinet Classic Lunch 8-3/4"" Paper Plate, 225-count",037700327175,/grocery-household.html,['Chinet'],,,,,
127509!item.en-US,"Solo Heavyweight Plastic Fork, White, 500-count",400011042370,/plastic-disposable-utensils.html,['Solo'],,,,,
785094!item.en-US,"Vanity Fair Everyday Napkin, 2-Ply, 110-count, 6-pack",042000355773,/grocery-household.html,['Georgia-Pacific'],,,,,
1343253!item.en-US,"Kirkland Signature Elegant Plastic Plates, Variety Pack, White, 50-count",096619180172,/kirkland-signature-groceries.html,['Kirkland Signature'],,,,,
296917!item.en-US,"Dixie Ultra 20 oz Paper Bowl, 135-count",078731945983,/plastic-disposable-bowls.html,['Dixie'],,,,,
1193444!item.en-US,"Kirkland Signature Chinet 18 oz Plastic Cup, Red, 240-count",096619334056,/kirkland-signature-groceries.html,['Kirkland Signature'],,,,,
127489!item.en-US,"Solo Heavyweight Plastic Spoon, White, 500-count",440001042379,/plastic-disposable-utensils.html,['Solo'],,,,,
404609!item.en-US,"Eco-Foil Half Size Deep Steam Table Pan, 30-count",749384100608,/grocery-household.html,,,,,,
979669!item.en-US,"USPS First-Class Forever Stamp, 100-count",015645688100,/grocery-household.html,['USPS'],,,,,
786650!item.en-US,"Vanity Fair Entertain White Paper Napkins, 3-ply, 60-count, 4-pack",042000355858,/grocery-household.html,['Georgia-Pacific'],,,,,
1323118!item.en-US,"Kirkland Signature Non-Stick Parchment Paper Rolls, 15 in x 164 ft, 2-pack",096619194025,/kirkland-signature-groceries.html,['Kirkland Signature'],,,,,
519964!item.en-US,"Chinet Crystal 10 oz Plastic Cup, Clear, 150-count",037700382860,/grocery-household.html,['Chinet'],,,,,
921279!item.en-US,"Ziploc Seal Top Freezer Bag, Gallon, 38-count, 4-pack",025700148876,/grocery-household.html,['Ziploc'],,,,,['Clear']
720!item.en-US,"Reynolds Wrap Aluminum Foil, 12"" x 83.33 yd, 2-count",010900061162,/grocery-household.html,['Reynolds'],,,,,
535618!item.en-US,"Chinet Premium 10 oz Plastic Cup, White, 420-count",037700383706,/grocery-household.html,['Chinet'],,,,,
975!item.en-US,"Reynolds Wrap Heavy Duty Aluminum Foil, 18"" x 33.33 yd, 2-count",010900081177,/grocery-household.html,['Reynolds'],,,,,
31686!item.en-US,"Kirkland Signature Reynolds Foodservice Aluminum Foil, Pre-Cut Single Sheets, 500-count",096619315864,/kirkland-signature-groceries.html,['Kirkland Signature'],,,,,
1186080!item.en-US,"Dixie To Go 12 oz Insulated Cup & Lid, 100-count",078731981479,/grocery-household.html,['Dixie'],,,,,
31680!item.en-US,"Kirkland Signature Reynolds Foodservice Foil, 12 in x 1,000 ft",096619315802,/kirkland-signature-groceries.html,['Kirkland Signature'],,,,,
598784!item.en-US,"USPS First-Class Spring Stamps, 100 Count",015645684706,/grocery-household.html,['USPS'],,,,,
31684!item.en-US,"Kirkland Signature Reynolds Foodservice Foil HD, 18 in x 500 ft",096619316847,/kirkland-signature-groceries.html,['Kirkland Signature'],,,,,
26757!item.en-US,"Kirkland Signature Plastic Food Wrap, 12 in x 750 ft, 2-count",096619267576,/kirkland-signature-groceries.html,['Kirkland Signature'],,,,,
26761!item.en-US,"Kirkland Signature Plastic Food Wrap, 12 in x 3,000 ft",096619267613,/kirkland-signature-groceries.html,['Kirkland Signature'],,,,,
692731!item.en-US,"Kirkland Signature, Organic Extra Virgin Olive Oil, 2 L",096619117062,/kirkland-signature-groceries.html,['Kirkland Signature'],,,,,
555000!item.en-US,"Kirkland Signature Organic Peanut Butter, 28 oz, 2-count",096619555017,/kirkland-signature-groceries.html,['Kirkland Signature'],,,,,
51070!item.en-US,"Kirkland Signature, Chicken Breast, 12.5 oz, 6-Count",096619553433,/kirkland-signature-groceries.html,['Kirkland Signature'],,,,,
679131!item.en-US,"Kirkland Signature Organic Pure Maple Syrup, 33.8 oz",096619923151,/kirkland-signature-groceries.html,['Kirkland Signature'],,,,,
180973!item.en-US,"Season Sardine Fillets In 100% Olive Oil, Wild Caught, Skinless & Boneless, 4.375 oz, 6-Count",070303022160,/grocery-household.html,['Season Brand'],,,,,
71003!item.en-US,"Kirkland Signature, Extra Virgin Italian Olive Oil, 2 L",096619880379,/kirkland-signature-groceries.html,['Kirkland Signature'],,,,,
859695!item.en-US,"Kirkland Signature Creamy Almond Butter, 27 oz",096619872619,/kirkland-signature-groceries.html,['Kirkland Signature'],,,,,
1492456!item.en-US,"Kirkland Signature, Albacore Solid White Tuna in Water, 7 oz, 8-Count",196633891891,/grocery-household.html,['Kirkland Signature'],,,,,
516822!item.en-US,"Kirkland Signature, Organic Chicken Stock, 32 fl oz, 6-Count",196633908056,/kirkland-signature-groceries.html,['Kirkland Signature'],,,,,
1485523!item.en-US,"Kirkland Signature Organic Unbleached All Purpose Flour, 10 lbs, 2-count",096619060221,/grocery-household.html,,,,,,
1789247!item.en-US,"Kirkland Signature Olive Oil, 3 L",196633919724,/kirkland-signature-groceries.html,['Kirkland Signature'],,,,,
1424057!item.en-US,"Hidden Valley Ranch Homestyle Seasoning, Dip and Salad Dressing Mix, 20 oz",071100210781,/grocery-household.html,['Hidden Valley'],,,,,
5354!item.en-US,"Hidden Valley Original Ranch Homestyle Dressing, 40 fl oz, 2-count",071100210422,/grocery-household.html,['Hidden Valley'],,,,,
443298!item.en-US,"Kraft, Macaroni & Cheese Dinner Cup, 2.05 oz, 12-Count",021000026272,/grocery-household.html,['Kraft'],,,,,
118677!item.en-US,"Nestlé Toll House, Semi-Sweet Chocolate Chip Morsels, 72 oz",028000443894,/grocery-household.html,['Nestle'],,,,,
1778007!item.en-US,"Snapdragon Vietnamese Pho, Beef, 2.7 oz, 9-count",815055010986,/grocery-household.html,['Snapdragon'],,,,,
1685578!item.en-US,"Bibigo, Cooked Sticky White Rice Bowls, Medium Grain, 7.4 oz, 12-Count",807176714027,/grocery-household.html,['Bibigo'],,,,,
841930!item.en-US,"Kirkland Signature, Thai Hom Mali Jasmine Rice, 25 lbs",096619698332,/grocery-household.html,['Kirkland Signature'],,,,,
1045706!item.en-US,"Kirkland Signature, Organic Virgin Coconut Oil, 84 fl oz",096619474943,/kirkland-signature-groceries.html,['Kirkland Signature'],,,,,
170779!item.en-US,"Kraft, Macaroni & Cheese Dinner, 7.25 oz, 18-Count",021000068340,/grocery-household.html,['Kraft'],,,,,
279783!item.en-US,"Kirkland Signature, Bacon Crumbles, 20 oz",096619001163,/kirkland-signature-groceries.html,['Kirkland Signature'],,,,,
1001368!item.en-US,"Kirkland Signature, Organic Quinoa, 4.5 lbs",096619469604,/kirkland-signature-groceries.html,['Kirkland Signature'],,,,,
1392843!item.en-US,"Chosen Foods Avocado Oil Spray, 13.5 oz, 2-count",815074022922,/grocery-household.html,,,,,,
993449!item.en-US,"Garofalo, Organic Pasta, Variety Pack, 17.6 oz, 6-Count",021511134763,/grocery-household.html,['Garofalo'],,,,,
162274!item.en-US,"Chicken of the Sea, Chunk Light Premium Tuna in Water, 7 oz, 12-Count",048000701787,/grocery-household.html,['Chicken of the Sea'],,,,,
901991!item.en-US,"Kirkland Signature, Organic Sugar, 10 lbs",096619189014,/kirkland-signature-groceries.html,['Kirkland Signature'],,,,,
7552!item.en-US,"Wild Planet, Albacore Wild Tuna, 5 oz, 6-Count",829696001005,/grocery-household.html,['Wild Planet'],,,,,
1032932!item.en-US,"Kirkland Signature Organic Raw Honey, 24 oz, 3-count",096619032938,/kirkland-signature-groceries.html,['Kirkland Signature'],,,,,
1347776!item.en-US,"Kirkland Signature Wild Flower Honey, 5 lbs",096619183067,/kirkland-signature-groceries.html,['Kirkland Signature'],,,,,
7554!item.en-US,"Wild Planet Wild Pacific Sardines in Extra Virgin Olive Oil, 4.4 oz., 6-count",829696001029,/grocery-household.html,,,,,,
426292!item.en-US,"Arm & Hammer, Pure Baking Soda, 13.5 lbs",033200011927,/grocery-household.html,['Arm & Hammer'],,,,,
1746909!item.en-US,"Samyang Buldak Ramen Carbonara, Spicy Chicken, 3.7 oz, 6-count",8801073250574,/grocery-household.html,['Samyang'],,,,,
581871!item.en-US,"Kirkland Signature, Minced California Garlic, 48 oz",096619581870,/kirkland-signature-groceries.html,['Kirkland Signature'],,,,,
384732!item.en-US,"Kirkland Signature, Pure Sea Salt, 30 oz",096619384730,/kirkland-signature-groceries.html,['Kirkland Signature'],,,,,
1649268!item.en-US,"Heinz, Ketchup, Relish, Mustard Picnic Pack, 4-count",013000014083,/grocery-household.html,['Heinz'],,,,,
633561!item.en-US,"Kirkland Signature, Organic Diced Tomatoes, 14.5 oz, 8-Count",096619023837,/canned-vegetables-fruit.html,['Kirkland Signature'],,,,,
654679!item.en-US,"Seeds of Change, Organic Quinoa and Brown Rice with Garlic, 8.5 oz Pouch, 6-Count",748404420238,/grocery-household.html,['Seeds of Change'],,,,,
917546!item.en-US,"Jif Creamy Peanut Butter 48 oz, 2-Count",051500247051,/grocery-household.html,['Jif'],,,,,
704329!item.en-US,"Libby's, Vienna Sausage, 4.6 oz, 18-count",039000086646,/grocery-household.html,"[""Libby's""]",,,,,
477403!item.en-US,"Del Monte, Canned Cut Green Beans, 14.5 oz, 12-Count",024000162728,/canned-vegetables-fruit.html,['Del Monte'],,,,,
633563!item.en-US,"Kirkland Signature, Organic Tomato Sauce, 15 oz, 12-Count",096619023820,/canned-vegetables-fruit.html,['Kirkland Signature'],,,,,
316689!item.en-US,"Lotus Foods, Organic Millet & Brown Rice Ramen, 2.5 oz, 12-Count",708953628035,/grocery-household.html,['Lotus'],,,,,
879520!item.en-US,"Nutella Hazelnut Spread with Cocoa, 33.5 oz, 2-count",8000500272732,/grocery-household.html,['Nutella'],,,,,
132666!item.en-US,"Royal, Basmati Rice, 20 lbs",745042141518,/grocery-household.html,['Royal'],,,,,
847909!item.en-US,"Ghirardelli, Triple Chocolate Premium Brownie Mix, 6-Count",041449305486,/grocery-household.html,['Ghirardelli'],,,,,
1407434!item.en-US,"Nongshim, Tonkotsu Ramen Bowl, 3.56 oz, 6-Count",031146053421,/grocery-household.html,['Nongshim'],,,,,
896879!item.en-US,"Splenda Zero Calorie Sweetener Packets, 1,000-count",722776004289,/grocery-household.html,['Splenda'],,,,,
425349!item.en-US,"Del Monte, Canned Corn-Whole Kernel, 15.25 oz, 12-Count",024000553816,/canned-vegetables-fruit.html,['Del Monte'],,,,,
980978!item.en-US,"Nissin Cup Noodles, Chicken, 2.5 oz, 24-count",070662038031,/grocery-household.html,['Nissin'],,,,,
251813!item.en-US,"Kirkland Signature, Granulated Garlic, 18 oz",096619251810,/grocery-household.html,['Kirkland Signature'],,,,,
383456!item.en-US,"Sweet Baby Ray's, Barbecue Sauce, 40 oz, 2-Count",013409451328,/grocery-household.html,"[""Sweet Baby Ray's""]",,,,,
633564!item.en-US,"Kirkland Signature, Organic Tomato Paste, 6 oz, 12-Count",196633911971,/canned-vegetables-fruit.html,['Kirkland Signature'],,,,,
202195!item.en-US,"SPAM, 25% Less Sodium, 12 oz, 8-Count",037600001069,/grocery-household.html,['Hormel'],,,,,
1147377!item.en-US,"Kirkland Signature Organic Blue Agave, 36 oz, 2-count",096619381555,/kirkland-signature-groceries.html,['Kirkland Signature'],,,,,
46586!item.en-US,"Dole, Mandarin Oranges Cup, 4 oz, 16-Count",038900773984,/canned-vegetables-fruit.html,['Dole'],,,,,
906410!item.en-US,"Kirkland Signature, Canola Oil, 3 qt, 2-count",096619632596,/kirkland-signature-groceries.html,['Kirkland Signature'],,,,,
890181!item.en-US,"Kirkland Signature, Wild Alaskan Pink Salmon, 6 oz, 6-Count",196633976253,/kirkland-signature-groceries.html,['Kirkland Signature'],,,,,
744361!item.en-US,"Genova, Yellowfin Tuna, 7 oz, 6-Count",048000632678,/grocery-household.html,,,,,,
906420!item.en-US,"Kirkland Signature, Vegetable Oil, 3 qt, 2-Count",096619632589,/grocery-household.html,['Kirkland Signature'],,,,,
1072687!item.en-US,"Pure Vanilla Extract, 16 fl oz",017300010554,/grocery-household.html,,,,,,
3133113!item.en-US,"Kirkland Signature, Black Pepper with Grinder, 6.3 oz, 2-Count",096619332724,/kirkland-signature-groceries.html,['Kirkland Signature'],,,,,
981000!item.en-US,"Nissin, Top Ramen, Chicken, 3 oz, 48-Count",070662024133,/grocery-household.html,['Nissin'],,,,,
1292488!item.en-US,"Safe Catch Ahi Wild Yellowfin Tuna Steaks, 6-count, 5 oz cans",859480006589,/grocery-household.html,['Safe Catch'],,,,,
414!item.en-US,"Hellmann's, Real Mayonnaise, 64 oz",048001266476,/grocery-household.html,"[""Hellmann's""]",,,,,
1251429!item.en-US,"Nongshim, Shin Ramyun Noodle Soup, 4.2 oz, 18-Count",031146039081,/grocery-household.html,['Nongshim'],,,,,
125376!item.en-US,"Nongshim, Udon Noodle Soup Bowl, 9.73 oz, 6-Count",031146852321,/grocery-household.html,['Nongshim'],,,,,
165041!item.en-US,"Kirkland Signature Organic No-Salt Seasoning, 14.5 oz",096619165049,/kirkland-signature-groceries.html,['Kirkland Signature'],,,,,
522779!item.en-US,"Kirkland Signature, Crushed Red Pepper, 10 oz",096619995769,/kirkland-signature-groceries.html,['Kirkland Signature'],,,,,
262838!item.en-US,"Cholula, Hot Sauce Original, 12 fl oz, 2-Count",049733123228,/grocery-household.html,['Cholula'],,,,,
111894!item.en-US,"Lawry's Coarse Ground Garlic Salt with Parsley, 33 oz",021500011860,/grocery-household.html,"[""Lawry's""]",,,,,
761486!item.en-US,"Garofalo, Organic Spaghetti Noodles, 17.6 oz, 8-Count",021511137153,/grocery-household.html,['Garofalo'],,,,,
1327935!item.en-US,"Kirkland Signature, Evaporated Milk, 12 fl oz, 12-Count",096619189045,/kirkland-signature-groceries.html,['Kirkland Signature'],,,,,
164950!item.en-US,"Kirkland Signature, Whole Black Peppercorn, 14.1 oz",096619164950,/kirkland-signature-groceries.html,['Kirkland Signature'],,,,,
433677!item.en-US,"McCormick, Grill Mates, Montreal Steak Seasoning, 29 oz",052100134338,/grocery-household.html,['McCormick'],,,,,
25825!item.en-US,"Mazola, Corn Oil, 2.5 gal",761720058480,/grocery-household.html,['Mazola'],,,,,
831454!item.en-US,"Paesana Organic Tomato Basil, 25 oz., 2-count",076050840217,/grocery-household.html,['Paesana'],,,,,
819413!item.en-US,"Giorgia Organic Mushrooms Sliced, 4 oz., 12-count",070475000324,/grocery-household.html,['Giorgio'],,,,,
1082839!item.en-US,"FITCRUNCH Protein Bars, 16g Protein, Chocolate Peanut Butter, 1.62 oz, 18-count",839138007007,/grocery-household.html,['Fit Crunch'],,,,,
1627770!item.en-US,"Frito Lay Classic Mix, 1 oz, Variety Pack, 54-count",028400692144,/grocery-household.html,['Frito Lay'],,,,,
188140!item.en-US,"Frito Lay Classic Mix, Variety Pack, 30-count",028400062411,/grocery-household.html,['Frito Lay'],,,,,
1632656!item.en-US,"PopCorners Popped Corn Snacks Variety Pack, 1 oz, 30-Count",810607024244,/popcorn.html,['PopCorners'],,,,,
1377067!item.en-US,"Kirkland Signature Chewy Protein Bar, Peanut Butter & Semisweet Chocolate Chip, 1.41 oz, 42-Count",096619016211,/kirkland-signature-groceries.html,['Kirkland Signature'],,,,,
1050557!item.en-US,"Kirkland Signature Peanut Butter Filled Pretzel Nuggets, 55 oz",196633926272,/kirkland-signature-groceries.html,['Kirkland Signature'],,,,,
1212860!item.en-US,"Kirkland Signature Soft & Chewy Granola Bars, 0.85 oz, 64-count",096619999514,/kirkland-signature-groceries.html,['Kirkland Signature'],,,,,
1361170!item.en-US,"That's it Mini Fruit Bars, 24-count",850013716975,/grocery-household.html,"[""That's It""]",,,,,
897971!item.en-US,"Kirkland Signature, Organic Applesauce, 3.17 oz, 24-Count",196633918727,/kirkland-signature-groceries.html,['Kirkland Signature'],,,,,
1618252!item.en-US,"Nature's Bakery Fig Bar, Variety Pack, 2 oz, 40-count",047495610048,/grocery-household.html,"[""Nature's Bakery""]",,,,,
124502!item.en-US,"Nature Valley Protein Bar, Peanut Butter Dark Chocolate, 1.42 oz, 30-count",016000439627,/grocery-household.html,['Nature Valley'],,,,,
1123591!item.en-US,"Nature's Garden Organic Trail Mix Snack Packs, Variety Pack, 1.2 oz, 24-count",846548071160,/grocery-household.html,"[""Nature's Garden""]",,,,,
1816483!item.en-US,"Nabisco Cookies & Crackers, Variety Pack, 1 oz, 40-count",737566929000,/grocery-household.html,['Nabisco'],,,,,
937348!item.en-US,"Sugar Bowl Bakery, Petite Palmiers, 32 oz",697941860802,/grocery-household.html,['Sugar Bowl Bakery'],,,,,
1472774!item.en-US,"Pure Organic Layered Fruit Bars, Variety Pack,  0.63 oz, 28-count",190912100865,/grocery-household.html,['Pure Organic'],,,,,
1331206!item.en-US,"Pirate's Booty Aged White Cheddar Snack, 0.5 oz, 40-count",015665251230,/popcorn.html,"[""Pirate's Booty""]",,,,,
1473917!item.en-US,"Kirkland Signature Trail Mix Snack Packs, 2 oz, 28-count",096619067237,/kirkland-signature-groceries.html,['Kirkland Signature'],,,,,
1716201!item.en-US,"Nature's Garden, Probiotic Strawberry Yoggies, 0.7 oz,  30-count",846548085280,/grocery-household.html,"[""Nature's Garden""]",,,,,
957330!item.en-US,"Kirkland Signature Snacking Nuts, Variety Pack, 1.6 oz, 30-count",196633993519,/kirkland-signature-groceries.html,['Kirkland Signature'],,,,,
1481558!item.en-US,"SunChips Whole Grain, Variety, 1.5 oz, 30-count",028400528177,/grocery-household.html,['Sun Chips'],,,,,
1026583!item.en-US,"Skinny Pop Popcorn, 0.65 oz, 28-count",816925022450,/popcorn.html,['Skinny Pop'],,,,,
864917!item.en-US,"Wonderful Pistachios, Salt & Pepper, 3 lbs",014113910446,/grocery-household.html,['Wonderful'],,,,,
1374492!item.en-US,"Welch’s Fruit Snacks, .8 oz, 90-count",034856890089,/grocery-household.html,['Welch’s'],,,,,
440493!item.en-US,"Kirkland Signature Cashew Clusters, 2 lbs",096619440498,/kirkland-signature-groceries.html,['Kirkland Signature'],,,,,
1014809!item.en-US,"Kirkland Signature Protein Bar, Variety Pack, 2.12 oz, 20-count",096619516698,/kirkland-signature-groceries.html,['Kirkland Signature'],,,,,
1532925!item.en-US,"Chomps Original Beef Sticks, Mild, 12 Individually Wrapped Sticks",856584004763,/grocery-household.html,['Chomps'],,,,,
1483585!item.en-US,"Oreo Cookies Variety Pack, 60-count",004400006761,/grocery-household.html,['Oreo'],,,,,
1761722!item.en-US,"RXBAR Protein Bars, Variety Pack, 14-count",193908007292,/grocery-household.html,['RXBAR'],,,,,
1645578!item.en-US,"Kirkland Signature Extra Fancy Mixed Nuts, Salted, 2.5 lbs",096619885725,/grocery-household.html,['Kirkland Signature'],,,,,
36285!item.en-US,"Kirkland Signature Walnut Halves, 3 lbs",7045004031066,/kirkland-signature-groceries.html,['Kirkland Signature'],,,,,
1508436!item.en-US,"Pure Protein Bars, Variety Pack, 1.76 oz, 23-count",749826003207,/grocery-household.html,['Pure Protein'],,,,,
1076903!item.en-US,"Kirkland Signature Shelled Pistachios, Salted, 1.5 lbs",096619107681,/kirkland-signature-groceries.html,['Kirkland Signature'],,,,,
1390413!item.en-US,"Kirkland Signature Fancy Whole Cashews, 2.5 lbs",096619142453,/kirkland-signature-groceries.html,['Kirkland Signature'],,,,,
560519!item.en-US,"WildRoot's Coastal Berry Trail Mix, 26 oz",859480003472,/grocery-household.html,['WildRoots'],,,,,
1324865!item.en-US,"Kirkland Signature Protein Bar, Variety Pack, 2.12 oz, 20-count",096619193738,/grocery-household.html,['Kirkland Signature'],,,,,
1564814!item.en-US,"Simple Mills Almond Flour Sea Salt Crackers, 10 oz, 2-count",856069005957,/grocery-household.html,['Simple Mills'],,,,,
1824668!item.en-US,"Simply Protein Crispy Bar Variety Pack, 15-count",686207801475,/grocery-household.html,['Simply Protein'],,,,,
1193197!item.en-US,"Kirkland Signature Organic Roasted Seaweed, 0.6 oz, 10-count",196633909633,/kirkland-signature-groceries.html,['Kirkland Signature'],,,,,
1300509!item.en-US,"Kirkland Signature Nut Bars, 1.41 oz, 30-count",096619215607,/kirkland-signature-groceries.html,['Kirkland Signature'],,,,,
545345!item.en-US,"Kirkland Signature In-Shell Pistachios, Salted, 3 lbs",096619178063,/kirkland-signature-groceries.html,['Kirkland Signature'],,,,,
284601!item.en-US,"Kirkland Signature Supreme Whole Almonds, 3 lbs",096619702404,/kirkland-signature-groceries.html,['Kirkland Signature'],,,,,
1258564!item.en-US,"Country Archer Grass-Fed Beef Stick Minis Original, 0.5 oz, 28-Count",850011381540,/grocery-household.html,['Country Archer'],,,,,
986292!item.en-US,"Clif Kid ZBar Organic Granola Bar, Variety Pack, 1.27 oz, 36-count",722252702067,/grocery-household.html,['Clif Kid'],,,,,
203444!item.en-US,"Kirkland Signature Pecan Halves, 2 lbs",096619034444,/kirkland-signature-groceries.html,['Kirkland Signature'],,,,,
1652577!item.en-US,"Kirkland Signature Extra Fancy Mixed Nuts, Unsalted, 2.5 lbs",096619885718,/grocery-household.html,['Kirkland Signature'],,,,,
1732802!item.en-US,"Kirkland Signature Sweet Heat Snack Mix, 24 oz",196633976796,/grocery-household.html,['Kirkland Signature'],,,,,
549797!item.en-US,"Lotus Biscoff Cookies, 8.8 oz., 4 Count",021788506102,/grocery-household.html,['Biscoff'],,,,,
1013100!item.en-US,"Goldfish Baked Snack Crackers, Cheddar, 1 oz, 45-count",014100046691,/grocery-household.html,['Pepperidge Farm'],,,,,
1707643!item.en-US,"Milano Cookies, Double Dark Chocolate, 0.98 oz, 30-count",014100054023,/grocery-household.html,['Pepperidge Farm'],,,,,
9555!item.en-US,"Kirkland Signature Microwave Popcorn, 3.3 oz, 44-count",096619167548,/popcorn.html,['Kirkland Signature'],,,,,
1218715!item.en-US,"Nutella & GO! Hazelnut and Cocoa Spread With Breadsticks, 1.8 oz, 16 Pack",009800800162,/grocery-household.html,['Nutella'],,,,,
846156!item.en-US,"Nature Valley Crunchy Granola Bar, Oats 'n Honey, 1.49 oz, 49-count",016000487598,/grocery-household.html,['Nature Valley'],,,,,
1952!item.en-US,"Nature Valley Sweet and Salty Granola Bar, Peanut, 1.2 oz, 48-count",016000229051,/grocery-household.html,['Nature Valley'],,,,,
1760616!item.en-US,"GoGo SqueeZ, Organic Applesauce, Variety Pack, 3.2 oz, 28-Count",848860049858,/grocery-household.html,['GoGo squeeZ'],,,,,
1542070!item.en-US,"Goldfish Baked Snack Crackers, Cheddar, 66 oz",014100087151,/grocery-household.html,['Pepperidge Farm'],,,,,
1195303!item.en-US,"Kirkland Signature Dry Roasted Macadamia Nuts, 1.5 lbs",096619332731,/kirkland-signature-groceries.html,['Kirkland Signature'],,,,,
1491866!item.en-US,"Go Raw Sprouted Organic Pumpkin Seeds with Sea Salt, 22 oz",810032300463,/grocery-household.html,['Go Raw'],,,,,
663439!item.en-US,"Cheez-It Crackers, Cheddar, 1.5 oz, 45-count",024100717170,/grocery-household.html,['Sunshine'],,,,,
1036671!item.en-US,"Nature Valley Biscuits with Almond Butter, 1.35 oz, 30-count",10065633155654,/grocery-household.html,['Nature Valley'],,,,,
1664082!item.en-US,"OREO Chocolate Sandwich Cookies, Stay Fresh Packs, 12-Count",044000074579,/grocery-household.html,['Oreo'],,,,,
1617506!item.en-US,"Kirkland Signature Organic Whole Cashews, Unsalted, Unroasted, 2.5 lbs",096619928927,/grocery-household.html,['Kirkland Signature'],,,,,
6406!item.en-US,"Kirkland Signature Premium Extra Thick Steak Strips, 12 oz",096619895724,/kirkland-signature-groceries.html,['Kirkland Signature'],,,,,
1474436!item.en-US,"Kirkland Signature Trail Mix, 4 lbs",096619013852,/kirkland-signature-groceries.html,['Kirkland Signature'],,,,,
222490!item.en-US,"Kirkland Signature Super Extra-Large Peanuts, 2.5 lbs",096619222490,/kirkland-signature-groceries.html,['Kirkland Signature'],,,,,
1391546!item.en-US,"Schwartz Brothers Bakery, Organic Everything Bagel Chips, 15 oz",717887651903,/grocery-household.html,['Schwartz Brothers'],,,,,
1229285!item.en-US,"BelVita Breakfast Biscuit, Cinnamon Brown Sugar, 1.76 oz, 30-count",044000057275,/grocery-household.html,['Nabisco'],,,,,
1532586!item.en-US,"CLIF BAR Energy Bar, Variety Pack, 2.4 oz, 26-count",722252839169,/grocery-household.html,['Clif Bar'],,,,,
142354!item.en-US,"RITZ Crackers, Original, 61.65 oz, 18-count",044000042417,/grocery-household.html,['Ritz'],,,,,
553499!item.en-US,"Kirkland Signature, Sunsweet Whole Dried Plums, 3.5 lbs",096619381609,/kirkland-signature-groceries.html,['Kirkland Signature'],,,,,
1531949!item.en-US,"Kellogg's Nutri-Grain Soft Baked Breakfast Bars, 1.3 oz, 64-count",038000255922,/grocery-household.html,"[""Kellogg's""]",,,,,
1143330!item.en-US,"Ocean Spray Craisins, Whole Dried Cranberries, 64 oz",031200159823,/grocery-household.html,['Ocean Spray'],,,,,
1510336!item.en-US,"Kirkland Signature Butter Toffee Cashews, 24 oz",096619047697,/grocery-household.html,['Kirkland Signature'],,,,,
1713786!item.en-US,"Kirkland Signature Roasted Almonds, Sea Salt, 2.5 lbs",196633966339,/grocery-household.html,['Kirkland Signature'],,,,,
1599199!item.en-US,"Golden Island Pork Snack Bites, Korean Barbecue, 1.5 oz, 12-count",017082009579,/grocery-household.html,['GOLDEN ISLAND'],,,,,
1489206!item.en-US,"Pringles Grab & Go Potato Crisps, Variety, 36-count",038000249334,/grocery-household.html,['Pringles'],,,,,
795269!item.en-US,"Carr's Table Water Crackers, Variety Pack, 25.5 oz",059290926170,/grocery-household.html,"[""Carr's""]",,,,,
941275!item.en-US,"Kirkland Signature Organic Pine Nuts, 1.5 lbs",196633912381,/kirkland-signature-groceries.html,['Kirkland Signature'],,,,,
219854!item.en-US,"La Dolce Vita Classic Italian Biscotti, 40 oz",601408304044,/grocery-household.html,"[""Nonni's""]",,,,,
1729668!item.en-US,"Garden Veggie Straws, Sea Salt, 1 oz, 42-Count",10829515325432,/grocery-household.html,['Sensible Portions'],,,,,
1209607!item.en-US,"Kirkland Signature Praline Pecans, 2.5 lbs",096619316267,/kirkland-signature-groceries.html,['Kirkland Signature'],,,,,
289685!item.en-US,"Sun-Maid Organic California Sun-Dried Raisins, 2 lbs, 2-count",041143129326,/grocery-household.html,['Sun-Maid'],,,,,
951243!item.en-US,"Mott's, Organic Apple Sauce, 3.9 oz, 36-Count",014800004335,/grocery-household.html,"[""Mott's""]",,,,,
1343983!item.en-US,"Donsuemor, Traditional Madeleines Cake, 1 oz, 28-Count",706790190043,/grocery-household.html,['Donsuemor'],,,,,
1812863!item.en-US,"Nutella Biscuits, 9.7 oz, 4-count",009800830046,/grocery-household.html,['Nutella'],,,,,
1721496!item.en-US,"Sonoma Creamery Pepperoni Pizza Crisps, 9.5 oz.",023278501017,/grocery-household.html,['Sonoma Creamery'],,,,,
512599!item.en-US,"Kirkland Signature Paper Towels, 2-Ply, 160 Sheets, 12 Individually Wrapped Rolls",096619880676,/kirkland-signature-groceries.html,['Kirkland Signature'],,,,,
4054232!item.en-US,"Kirkland Signature Coffee Organic Pacific Bold K-Cup Pod, 120-count",096619008094,/kirkland-signature-groceries.html,['Kirkland Signature'],,,,,
4054238!item.en-US,"Kirkland Signature Coffee Organic Breakfast Blend K-Cup Pod, 120-count",096619008070,/kirkland-signature-groceries.html,['Kirkland Signature'],,,,,
1089787!item.en-US,"Kirkland Signature Flex-Tech 13-Gallon Kitchen Trash Bag, 200-count",096619439294,/kirkland-signature-groceries.html,['Kirkland Signature'],,,,,
692731!item.en-US,"Kirkland Signature, Organic Extra Virgin Olive Oil, 2 L",096619117062,/kirkland-signature-groceries.html,['Kirkland Signature'],,,,,
4054210!item.en-US,"Kirkland Signature Coffee Organic Summit Roast K-Cup Pod, 120-count",096619008063,/kirkland-signature-groceries.html,['Kirkland Signature'],,,,,
1377067!item.en-US,"Kirkland Signature Chewy Protein Bar, Peanut Butter & Semisweet Chocolate Chip, 1.41 oz, 42-Count",096619016211,/kirkland-signature-groceries.html,['Kirkland Signature'],,,,,
1050557!item.en-US,"Kirkland Signature Peanut Butter Filled Pretzel Nuggets, 55 oz",196633926272,/kirkland-signature-groceries.html,['Kirkland Signature'],,,,,
1212860!item.en-US,"Kirkland Signature Soft & Chewy Granola Bars, 0.85 oz, 64-count",096619999514,/kirkland-signature-groceries.html,['Kirkland Signature'],,,,,
897971!item.en-US,"Kirkland Signature, Organic Applesauce, 3.17 oz, 24-Count",196633918727,/kirkland-signature-groceries.html,['Kirkland Signature'],,,,,
555000!item.en-US,"Kirkland Signature Organic Peanut Butter, 28 oz, 2-count",096619555017,/kirkland-signature-groceries.html,['Kirkland Signature'],,,,,
1452518!item.en-US,"Kirkland Signature Platinum Performance UltraShine Dishwasher Detergent Pacs, 115-count",196633857354,/kirkland-signature-groceries.html,['Kirkland Signature'],,,,,
971832!item.en-US,"Kirkland Signature Dental Chews, 72-count",096619533800,/kirkland-signature-groceries.html,['Kirkland Signature'],,,,,
17767!item.en-US,"Kirkland Signature Colombian Coffee, Dark Roast, 3 lbs",096619177677,/kirkland-signature-groceries.html,['Kirkland Signature'],,,,,
1473917!item.en-US,"Kirkland Signature Trail Mix Snack Packs, 2 oz, 28-count",096619067237,/kirkland-signature-groceries.html,['Kirkland Signature'],,,,,
1300658!item.en-US,"Kirkland Signature Flex-Tech 13-Gallon Scented Kitchen Trash Bags, 200-count",096619215669,/kirkland-signature-groceries.html,['Kirkland Signature'],,,,,
51070!item.en-US,"Kirkland Signature, Chicken Breast, 12.5 oz, 6-Count",096619553433,/kirkland-signature-groceries.html,['Kirkland Signature'],,,,,
957330!item.en-US,"Kirkland Signature Snacking Nuts, Variety Pack, 1.6 oz, 30-count",196633993519,/kirkland-signature-groceries.html,['Kirkland Signature'],,,,,
679131!item.en-US,"Kirkland Signature Organic Pure Maple Syrup, 33.8 oz",096619923151,/kirkland-signature-groceries.html,['Kirkland Signature'],,,,,
440493!item.en-US,"Kirkland Signature Cashew Clusters, 2 lbs",096619440498,/kirkland-signature-groceries.html,['Kirkland Signature'],,,,,
1014809!item.en-US,"Kirkland Signature Protein Bar, Variety Pack, 2.12 oz, 20-count",096619516698,/kirkland-signature-groceries.html,['Kirkland Signature'],,,,,
1528787!item.en-US,"Kirkland Signature Whole Bean Coffee, French Roast, 2.5 lbs",096619896714,/kirkland-signature-groceries.html,['Kirkland Signature'],,,,,
1239521!item.en-US,"Kirkland Signature Ultra Clean HE Liquid Laundry Detergent, 146 loads, 194 fl oz",096619279555,/kirkland-signature-groceries.html,['Kirkland Signature'],,,,,
71003!item.en-US,"Kirkland Signature, Extra Virgin Italian Olive Oil, 2 L",096619880379,/kirkland-signature-groceries.html,['Kirkland Signature'],,,,,
859695!item.en-US,"Kirkland Signature Creamy Almond Butter, 27 oz",096619872619,/kirkland-signature-groceries.html,['Kirkland Signature'],,,,,
4165769!item.en-US,"Kirkland Signature Facial Tissue, 3-Ply, 84-count, 12-pack",096619124251,/kirkland-signature-groceries.html,['Kirkland Signature'],,,,,
36285!item.en-US,"Kirkland Signature Walnut Halves, 3 lbs",7045004031066,/kirkland-signature-groceries.html,['Kirkland Signature'],,,,,
120296!item.en-US,"Kirkland Signature Colombian Supremo Coffee, Whole Bean, 3 lbs",096619120291,/whole-bean-coffee.html,['Kirkland Signature'],,,,,
1076903!item.en-US,"Kirkland Signature Shelled Pistachios, Salted, 1.5 lbs",096619107681,/kirkland-signature-groceries.html,['Kirkland Signature'],,,,,
1390413!item.en-US,"Kirkland Signature Fancy Whole Cashews, 2.5 lbs",096619142453,/kirkland-signature-groceries.html,['Kirkland Signature'],,,,,
470974!item.en-US,"Kirkland Signature Nature's Domain Salmon & Sweet Potato Formula Dog Food, 35 lbs",074198610839,/kirkland-signature-groceries.html,['Kirkland Signature'],,,,,
107979!item.en-US,"Kirkland Signature All Chocolate Bag, 90 oz,",096619107971,/kirkland-signature-groceries.html,['Kirkland Signature'],,,,,
1239519!item.en-US,"Kirkland Signature Ultra Clean Free & Clear HE Liquid Laundry Detergent, 146 loads, 194 fl oz",096619279562,/kirkland-signature-groceries.html,['Kirkland Signature'],,,,,
1755441!item.en-US,"Kirkland Signature Flex-Tech 33-Gallon Trash Bag, 90-count",196633943316,/kirkland-signature-groceries.html,['Kirkland Signature'],,,,,
87507!item.en-US,"Kirkland Signature 10-Gallon Wastebasket Liner, Clear, 500-count",096619875078,/kirkland-signature-groceries.html,['Kirkland Signature'],,,,,
1193197!item.en-US,"Kirkland Signature Organic Roasted Seaweed, 0.6 oz, 10-count",196633909633,/kirkland-signature-groceries.html,['Kirkland Signature'],,,,,
376052!item.en-US,"Kirkland Signature Almonds, Milk Chocolate, 3 lb",096619376056,/kirkland-signature-groceries.html,['Kirkland Signature'],,,,,
1300509!item.en-US,"Kirkland Signature Nut Bars, 1.41 oz, 30-count",096619215607,/kirkland-signature-groceries.html,['Kirkland Signature'],,,,,
545345!item.en-US,"Kirkland Signature In-Shell Pistachios, Salted, 3 lbs",096619178063,/kirkland-signature-groceries.html,['Kirkland Signature'],,,,,
284601!item.en-US,"Kirkland Signature Supreme Whole Almonds, 3 lbs",096619702404,/kirkland-signature-groceries.html,['Kirkland Signature'],,,,,
1789130!item.en-US,"Kirkland Signature Ultra Shine Liquid Dish Soap, Fresh, 90 fl. oz.",196633920324,/kirkland-signature-groceries.html,['Kirkland Signature'],,,,,
12648!item.en-US,"Kirkland Signature Cutlery, Clear, 360-count",096619126484,/plastic-disposable-utensils.html,['Kirkland Signature'],,,,,
516822!item.en-US,"Kirkland Signature, Organic Chicken Stock, 32 fl oz, 6-Count",196633908056,/kirkland-signature-groceries.html,['Kirkland Signature'],,,,,
203444!item.en-US,"Kirkland Signature Pecan Halves, 2 lbs",096619034444,/kirkland-signature-groceries.html,['Kirkland Signature'],,,,,
1789247!item.en-US,"Kirkland Signature Olive Oil, 3 L",196633919724,/kirkland-signature-groceries.html,['Kirkland Signature'],,,,,
1178969!item.en-US,"Kirkland Signature, Almond Flour, 3 lbs",096619142958,/kirkland-signature-groceries.html,['Kirkland Signature'],,,,,
756053!item.en-US,"Kirkland Signature Medium Roast Coffee, 40 oz.",096619781645,/kirkland-signature-groceries.html,['Kirkland Signature'],,,,,
1755444!item.en-US,"Kirkland Signature 50-Gallon Outdoor Trash Bag, 70-count",196633943309,/kirkland-signature-groceries.html,['Kirkland Signature'],,,,,
25347!item.en-US,"Kirkland Signature Adult Formula Chicken, Rice and Vegetable Dog Food, 40 lbs",096619295067,/kirkland-signature-groceries.html,['Kirkland Signature'],,,,,
9555!item.en-US,"Kirkland Signature Microwave Popcorn, 3.3 oz, 44-count",096619167548,/popcorn.html,['Kirkland Signature'],,,,,
1242342!item.en-US,"Kirkland Signature, Almond Milk, 1 qt, 12-count",096619274857,/beverages.html,['Kirkland Signature'],,,,,
1481907!item.en-US,"Kirkland Signature Funhouse Treats, Variety Pack, 92 oz",096619881253,/kirkland-signature-groceries.html,['Kirkland Signature'],,,,,
1002373!item.en-US,"Kirkland Signature, Organic Almond Beverage, Vanilla, 32 fl oz, 6-Count",096619533015,/beverages.html,['Kirkland Signature'],,,,,
467130!item.en-US,"Kirkland Signature Nitrile Exam Gloves, 400-count",096619467136,/kirkland-signature-groceries.html,['Kirkland Signature'],,,,,
1343253!item.en-US,"Kirkland Signature Elegant Plastic Plates, Variety Pack, White, 50-count",096619180172,/kirkland-signature-groceries.html,['Kirkland Signature'],,,,,
1725830!item.en-US,"Kirkland Signature Fabric Softener Sheets, 250-count, 2-pack",196633944184,/kirkland-signature-groceries.html,['Kirkland Signature'],,,,,
1045706!item.en-US,"Kirkland Signature, Organic Virgin Coconut Oil, 84 fl oz",096619474943,/kirkland-signature-groceries.html,['Kirkland Signature'],,,,,
1195303!item.en-US,"Kirkland Signature Dry Roasted Macadamia Nuts, 1.5 lbs",096619332731,/kirkland-signature-groceries.html,['Kirkland Signature'],,,,,
279783!item.en-US,"Kirkland Signature, Bacon Crumbles, 20 oz",096619001163,/kirkland-signature-groceries.html,['Kirkland Signature'],,,,,
1001368!item.en-US,"Kirkland Signature, Organic Quinoa, 4.5 lbs",096619469604,/kirkland-signature-groceries.html,['Kirkland Signature'],,,,,
1193444!item.en-US,"Kirkland Signature Chinet 18 oz Plastic Cup, Red, 240-count",096619334056,/kirkland-signature-groceries.html,['Kirkland Signature'],,,,,
1054838!item.en-US,"Kirkland Signature Ultra Clean HE Laundry Detergent Pacs, 152-count",196633949202,/kirkland-signature-groceries.html,['Kirkland Signature'],,,,,
956696!item.en-US,"Kirkland Signature Extra-Large Absorbent Pads, 30 in L X 23 in W, 100-count",096619440009,/kirkland-signature-groceries.html,['Kirkland Signature'],,,,,
901991!item.en-US,"Kirkland Signature, Organic Sugar, 10 lbs",096619189014,/kirkland-signature-groceries.html,['Kirkland Signature'],,,,,
1032932!item.en-US,"Kirkland Signature Organic Raw Honey, 24 oz, 3-count",096619032938,/kirkland-signature-groceries.html,['Kirkland Signature'],,,,,
736083!item.en-US,"Kirkland Signature, Organic Lemonade, 96 fl oz, 2-Count",096619928521,/beverages.html,['Kirkland Signature'],,,,,
1748763!item.en-US,"Kirkland Signature Breakfast Sandwich, 4.82 oz, 8-count",196633942395,/kirkland-signature-groceries.html,['Kirkland Signature'],,,,,
1347776!item.en-US,"Kirkland Signature Wild Flower Honey, 5 lbs",096619183067,/kirkland-signature-groceries.html,['Kirkland Signature'],,,,,
6406!item.en-US,"Kirkland Signature Premium Extra Thick Steak Strips, 12 oz",096619895724,/kirkland-signature-groceries.html,['Kirkland Signature'],,,,,
1474436!item.en-US,"Kirkland Signature Trail Mix, 4 lbs",096619013852,/kirkland-signature-groceries.html,['Kirkland Signature'],,,,,
222490!item.en-US,"Kirkland Signature Super Extra-Large Peanuts, 2.5 lbs",096619222490,/kirkland-signature-groceries.html,['Kirkland Signature'],,,,,
52296!item.en-US,Kirkland Signature Chicken and Rice Cat Food 25 lbs.,096619522965,/cat-food.html,['Kirkland Signature'],,,,,
581871!item.en-US,"Kirkland Signature, Minced California Garlic, 48 oz",096619581870,/kirkland-signature-groceries.html,['Kirkland Signature'],,,,,
384732!item.en-US,"Kirkland Signature, Pure Sea Salt, 30 oz",096619384730,/kirkland-signature-groceries.html,['Kirkland Signature'],,,,,
1323118!item.en-US,"Kirkland Signature Non-Stick Parchment Paper Rolls, 15 in x 164 ft, 2-pack",096619194025,/kirkland-signature-groceries.html,['Kirkland Signature'],,,,,
633561!item.en-US,"Kirkland Signature, Organic Diced Tomatoes, 14.5 oz, 8-Count",096619023837,/canned-vegetables-fruit.html,['Kirkland Signature'],,,,,
25350!item.en-US,"Kirkland Signature Adult Formula Lamb, Rice and Vegetable Dog Food 40 lb.",096619295043,/kirkland-signature-groceries.html,['Kirkland Signature'],,,,,
1104304!item.en-US,"Kirkland Signature Chicken Meal & Rice Formula Dog Biscuits, 15 lbs",096619329076,/kirkland-signature-groceries.html,['Kirkland Signature'],,,,,
735184!item.en-US,Kirkland Signature Nature's Domain Beef & Sweet Potato Dog Food 35 lb.,096619735181,/kirkland-signature-groceries.html,['Kirkland Signature'],,,,,
553499!item.en-US,"Kirkland Signature, Sunsweet Whole Dried Plums, 3.5 lbs",096619381609,/kirkland-signature-groceries.html,['Kirkland Signature'],,,,,
633563!item.en-US,"Kirkland Signature, Organic Tomato Sauce, 15 oz, 12-Count",096619023820,/canned-vegetables-fruit.html,['Kirkland Signature'],,,,,
4165758!item.en-US,"Kirkland Signature Colombian Cold Brew Coffee, 11 fl oz, 12-count",096619142200,/kirkland-signature-groceries.html,['Kirkland Signature'],,,,,
33406!item.en-US,"Kirkland Signature Mature Formula Chicken, Rice and Egg Dog Food 40 lb.",096619334063,/kirkland-signature-groceries.html,['Kirkland Signature'],,,,,
46242!item.en-US,"Kirkland Signature Decaffeinated Coffee, Dark Roast, 3 lbs",096619179961,/kirkland-signature-groceries.html,['Kirkland Signature'],,,,,
31686!item.en-US,"Kirkland Signature Reynolds Foodservice Aluminum Foil, Pre-Cut Single Sheets, 500-count",096619315864,/kirkland-signature-groceries.html,['Kirkland Signature'],,,,,
633564!item.en-US,"Kirkland Signature, Organic Tomato Paste, 6 oz, 12-Count",196633911971,/canned-vegetables-fruit.html,['Kirkland Signature'],,,,,
1147377!item.en-US,"Kirkland Signature Organic Blue Agave, 36 oz, 2-count",096619381555,/kirkland-signature-groceries.html,['Kirkland Signature'],,,,,
906410!item.en-US,"Kirkland Signature, Canola Oil, 3 qt, 2-count",096619632596,/kirkland-signature-groceries.html,['Kirkland Signature'],,,,,
570940!item.en-US,Kirkland Signature Nature's Domain Cat Food 18 lbs.,096619570942,/cat-food.html,['Kirkland Signature'],,,,,
890181!item.en-US,"Kirkland Signature, Wild Alaskan Pink Salmon, 6 oz, 6-Count",196633976253,/kirkland-signature-groceries.html,['Kirkland Signature'],,,,,
31680!item.en-US,"Kirkland Signature Reynolds Foodservice Foil, 12 in x 1,000 ft",096619315802,/kirkland-signature-groceries.html,['Kirkland Signature'],,,,,
596444!item.en-US,"Kirkland Signature, Ocean Spray Cranberry Premium 100% Juice, 96 fl oz, 2-Count",096619596447,/kirkland-signature-groceries.html,['Kirkland Signature'],,,,,
941275!item.en-US,"Kirkland Signature Organic Pine Nuts, 1.5 lbs",196633912381,/kirkland-signature-groceries.html,['Kirkland Signature'],,,,,
3133113!item.en-US,"Kirkland Signature, Black Pepper with Grinder, 6.3 oz, 2-Count",096619332724,/kirkland-signature-groceries.html,['Kirkland Signature'],,,,,
1209607!item.en-US,"Kirkland Signature Praline Pecans, 2.5 lbs",096619316267,/kirkland-signature-groceries.html,['Kirkland Signature'],,,,,
31684!item.en-US,"Kirkland Signature Reynolds Foodservice Foil HD, 18 in x 500 ft",096619316847,/kirkland-signature-groceries.html,['Kirkland Signature'],,,,,
165041!item.en-US,"Kirkland Signature Organic No-Salt Seasoning, 14.5 oz",096619165049,/kirkland-signature-groceries.html,['Kirkland Signature'],,,,,
522779!item.en-US,"Kirkland Signature, Crushed Red Pepper, 10 oz",096619995769,/kirkland-signature-groceries.html,['Kirkland Signature'],,,,,
1385029!item.en-US,"Kirkland Signature, Organic Salsa, Medium, 38 oz, 2-Count",196633966803,/kirkland-signature-groceries.html,['Kirkland Signature'],,,,,
1045021!item.en-US,"Kirkland Signature Ultra Fresh Premium Fabric Conditioner, 276 Loads, 187 fl oz",196633920096,/kirkland-signature-groceries.html,['Kirkland Signature'],,,,,
1327935!item.en-US,"Kirkland Signature, Evaporated Milk, 12 fl oz, 12-Count",096619189045,/kirkland-signature-groceries.html,['Kirkland Signature'],,,,,
164950!item.en-US,"Kirkland Signature, Whole Black Peppercorn, 14.1 oz",096619164950,/kirkland-signature-groceries.html,['Kirkland Signature'],,,,,
26757!item.en-US,"Kirkland Signature Plastic Food Wrap, 12 in x 750 ft, 2-count",096619267576,/kirkland-signature-groceries.html,['Kirkland Signature'],,,,,
26761!item.en-US,"Kirkland Signature Plastic Food Wrap, 12 in x 3,000 ft",096619267613,/kirkland-signature-groceries.html,['Kirkland Signature'],,,,,
238120!item.en-US,"Kirkland Signature Super B-Complex with Electrolytes, 500 Tablets",096619777792,/kirkland-signature-groceries.html,['Kirkland Signature'],,,,,
